rank,id,price_category,ranking_score,ram,battery_power,pc,fc,int_memory,clock_speed,n_cores,four_g,touch_screen,wifi
1,4,Premium,79.3048262583315,3893,1546,20,18,25,0.5,8,1,1,0
2,265,Flagship,76.51026428677741,3764,1981,20,10,34,1.6,5,0,0,1
3,290,Flagship,75.96310058043997,3370,1934,18,9,48,2.7,4,1,0,1
4,760,Premium,75.91588124539972,3600,1567,18,13,23,3.0,3,0,1,1
5,163,Premium,75.1158397698723,3774,1081,17,7,17,3.0,5,1,1,0
6,147,Premium,75.10815669238264,3241,1535,16,13,37,2.5,4,1,0,1
7,85,Premium,75.03405740074466,3840,1999,11,1,15,0.5,8,1,0,1
8,540,Premium,74.67691381352708,3452,1995,20,2,4,2.6,2,1,1,0
9,6,Premium,74.46835379772784,3506,1464,9,5,50,2.9,8,1,1,1
10,281,Premium,74.20101976420912,2546,1714,19,9,59,1.6,8,1,1,1
11,60,Premium,74.01639188261707,3689,1889,17,15,25,2.9,2,0,0,1
12,905,Premium,73.96746997382456,3323,1752,10,8,17,2.6,5,1,1,1
13,9,Premium,73.4483558069573,3485,1111,19,9,25,2.9,5,1,1,0
14,553,Premium,72.9468062144125,3227,1913,16,0,7,2.8,4,1,0,1
15,461,Premium,72.85894501062721,3116,1577,17,16,3,1.5,8,1,1,0
16,87,Premium,72.71039041413322,3953,942,20,14,28,1.7,8,0,0,1
17,992,Premium,72.61737423931416,3359,1797,20,4,42,2.6,3,0,1,1
18,688,Premium,72.16262024014947,3828,1928,19,5,44,0.5,8,0,0,0
19,343,Premium,71.8399391917788,3032,1850,13,9,41,2.2,8,0,1,1
20,969,Premium,71.81666702539482,3329,1637,17,12,57,0.6,8,1,1,0
21,267,Premium,71.45871233441753,3881,1396,16,7,10,0.8,4,1,1,1
22,339,Premium,71.11703886310306,3899,1709,6,1,13,2.2,6,1,0,1
23,306,Premium,71.11569847136352,3538,1880,4,1,10,1.8,8,1,0,1
24,389,Premium,71.10456269458327,3525,1197,17,6,38,2.9,6,1,0,0
25,669,Premium,70.89083299946512,3693,1637,16,5,33,1.7,6,1,0,0
26,166,Premium,70.81392171565045,3932,796,14,1,36,2.3,8,1,1,1
27,800,Premium,70.59159796495366,3934,1360,20,8,25,0.7,7,1,0,0
28,144,Premium,70.29437883731066,2340,1466,18,14,57,2.4,6,1,1,0
29,832,Premium,70.1003629928165,2585,1890,17,13,17,2.1,4,1,1,1
30,127,Premium,69.81953586378935,3467,1611,18,5,25,1.7,5,0,1,1
31,717,Premium,69.66313851884206,3340,1701,14,2,53,1.6,6,1,1,0
32,715,Premium,69.63584856464601,2951,1363,19,9,46,2.1,4,1,0,0
33,256,Premium,69.48841243042114,3816,930,15,5,40,1.0,7,1,1,1
34,374,Premium,69.15950196505156,3023,1543,13,0,46,2.6,8,1,1,0
35,855,Premium,69.13230165514562,2947,1976,15,4,33,2.5,3,0,1,1
36,631,Premium,68.91508025198917,3547,1507,9,0,54,3.0,6,1,0,1
37,216,Premium,68.75028261670865,3391,951,20,1,24,2.4,8,1,0,0
38,666,Premium,68.71962467359492,3334,876,16,12,41,2.7,7,1,0,1
39,432,Premium,68.55649473783211,2872,1988,16,3,34,2.8,3,0,1,1
40,812,Premium,68.51310613908747,2502,1825,11,9,27,2.3,8,1,0,1
41,31,Premium,68.27597046432622,2383,1981,13,2,11,2.9,8,1,0,0
42,915,Premium,68.20366495259375,3005,646,17,15,10,2.3,8,1,0,1
43,338,Premium,68.11805519681488,1589,1764,17,11,48,2.7,7,1,1,1
44,774,Premium,67.88811623965123,3153,1570,13,0,18,2.8,5,1,1,1
45,485,Premium,67.8571119890332,3371,1546,14,3,55,2.7,7,0,0,1
46,869,Premium,67.80101236654076,3822,1734,15,8,57,1.4,4,0,1,1
47,758,Premium,67.58260603023375,3137,1541,14,1,7,1.6,8,1,1,0
48,451,Premium,67.560562704836,3069,853,18,17,26,1.9,6,1,0,0
49,775,Premium,67.40362454078935,2905,1524,16,6,64,2.1,5,1,1,1
50,119,Premium,67.10898479175657,3502,1319,17,10,5,1.3,8,0,0,0
51,641,Premium,67.10668590819438,2940,1758,20,14,29,2.1,3,0,1,1
52,275,Premium,66.86665527541953,3946,1367,20,2,58,0.9,4,1,0,0
53,380,Premium,66.79725322105125,2839,1967,10,4,62,2.6,8,0,0,0
54,564,Premium,66.79245164276072,2205,1919,20,11,63,0.6,8,1,1,0
55,381,Premium,66.75560084056474,2857,1658,20,8,61,2.0,3,1,0,1
56,515,Premium,66.7333099678045,3665,1911,4,3,16,1.1,7,1,1,0
57,169,Premium,66.68707160872664,3510,1180,16,7,43,3.0,1,1,1,1
58,314,Premium,66.52622616446882,3151,1979,19,15,54,0.5,3,0,1,1
59,494,Premium,66.35690217856029,3814,1812,16,9,44,0.9,3,0,1,0
60,822,Premium,66.32296836611404,3163,1715,9,8,47,0.5,8,1,0,1
61,186,Premium,66.29095067084623,2817,586,17,6,33,2.9,8,1,1,1
62,719,Premium,66.26249008813625,3881,1938,1,0,37,2.9,4,1,1,0
63,392,Premium,66.25126462598287,3060,1262,16,7,64,1.4,7,1,1,1
64,146,Premium,66.24167957581639,3445,895,14,10,9,2.5,7,1,0,0
65,484,Premium,66.14302252412293,3259,1487,19,18,6,0.6,4,1,0,1
66,842,Premium,66.11760706760681,3781,1351,16,10,48,0.7,8,0,0,1
67,594,Premium,66.05373109401253,3730,877,20,16,12,2.3,4,0,0,1
68,12,Premium,66.05271336108908,3911,1343,6,2,34,2.9,3,1,1,1
69,114,Premium,65.99071987438674,3876,1795,16,10,52,0.6,2,0,0,0
70,617,Premium,65.92803777881892,3352,1733,15,9,56,1.6,6,0,0,0
71,128,Premium,65.86907421602956,2776,1573,5,3,24,3.0,8,1,1,1
72,827,Premium,65.82238328827589,3864,1036,10,6,37,1.4,7,1,1,1
73,345,Premium,65.76692332648518,3238,1706,13,10,44,1.8,5,1,0,0
74,198,Premium,65.63256691861308,2178,1629,19,2,2,2.3,6,1,1,0
75,220,Premium,65.5015747878118,3628,1762,17,14,11,0.9,4,0,0,1
76,89,Premium,65.45404739383926,3035,1982,16,9,48,0.8,6,0,0,1
77,610,Premium,65.38537051873519,2510,1383,19,11,40,1.7,6,1,1,0
78,222,Premium,65.37490019257129,2892,1851,18,2,59,2.4,3,0,1,0
79,508,Premium,65.23425235470867,3989,1767,8,5,31,2.0,5,0,1,0
80,921,Premium,65.06536660602431,2980,675,20,11,44,2.8,5,0,1,1
81,278,Premium,65.06452645986437,3297,1086,14,11,7,2.5,6,0,0,0
82,539,Premium,64.84959118562014,3507,1745,14,3,21,1.2,3,1,1,1
83,139,Premium,64.67430593910235,3863,1251,4,3,54,3.0,5,1,1,0
84,568,Premium,64.63927368172575,3095,1319,19,9,28,2.0,1,1,1,1
85,157,Premium,64.57589440080932,3973,1933,7,6,23,0.5,7,0,0,1
86,581,Premium,64.52970654005152,1522,1506,20,19,47,2.9,7,1,0,0
87,747,Premium,63.881883754286676,3258,1159,15,2,27,2.1,1,1,0,0
88,735,Premium,63.816900408943155,3950,1154,7,5,42,1.7,5,1,1,0
89,718,Premium,63.62265969962701,2765,1754,20,13,38,0.5,6,0,1,0
90,790,Premium,63.56177396705406,2158,1989,18,16,10,1.8,3,1,0,0
91,958,Premium,63.5570398003643,2800,913,19,13,34,2.9,4,1,1,0
92,783,Premium,63.54378800104627,3199,1852,15,5,25,1.6,3,1,0,0
93,80,Premium,63.483057557315206,3922,1376,1,0,34,2.4,6,1,0,0
94,284,Premium,63.46231229495719,3975,1687,14,4,14,1.2,2,0,1,1
95,566,Premium,63.42222402160118,3366,664,15,10,40,2.9,5,1,1,0
96,151,Mid-Range,63.28727251304977,3261,976,14,0,5,2.0,7,1,1,1
97,923,Premium,63.19800448626406,3664,1062,10,3,12,2.9,2,1,1,1
98,353,Mid-Range,63.096995364508096,3735,706,18,10,4,0.5,5,1,1,1
99,598,Premium,63.04058733837926,3984,1038,11,1,42,1.8,6,1,0,0
100,312,Premium,62.948482829692885,3894,992,14,10,27,1.6,4,0,0,1
101,662,Premium,62.8396139850548,3546,1515,10,9,36,2.2,3,0,1,1
102,285,Mid-Range,62.813131682781695,2801,669,20,18,10,2.6,5,1,0,0
103,286,Premium,62.8025040264874,3331,1423,18,1,51,2.1,4,0,1,0
104,11,Premium,62.766791262171665,3866,1500,6,2,55,2.2,7,0,1,0
105,769,Premium,62.69670756374374,2260,1061,20,6,49,2.6,7,0,0,1
106,98,Mid-Range,62.662370257416434,2593,757,17,8,26,2.4,8,1,0,1
107,429,Premium,62.637551213646034,3556,1093,9,8,63,2.7,8,0,0,1
108,996,Premium,62.5413760900085,2121,1700,17,0,54,1.9,7,1,1,0
109,465,Premium,62.43926657548493,3069,1439,20,11,58,1.2,1,1,1,0
110,207,Mid-Range,62.43358976801596,2620,560,19,1,12,2.9,5,1,1,1
111,984,Premium,62.41452249535526,2489,1814,16,6,3,1.6,5,1,1,0
112,75,Premium,62.3583099357423,3414,1810,19,6,63,1.1,1,0,0,0
113,926,Premium,62.24281547820988,3184,790,20,9,45,1.0,6,1,0,1
114,475,Premium,62.124261441541194,2985,875,20,14,37,1.0,7,0,1,1
115,155,Premium,62.040522125977766,2699,1963,15,7,38,0.5,3,1,1,0
116,909,Premium,62.01322188875525,1852,1657,20,3,22,2.6,4,1,1,0
117,785,Premium,61.97508548121817,2364,1055,19,18,29,1.2,6,1,1,1
118,161,Premium,61.96886277649272,2777,1483,14,10,38,1.2,5,1,1,0
119,61,Premium,61.90503978798293,3586,1907,4,1,22,1.1,8,0,0,1
120,525,Premium,61.835260986480264,2215,1021,18,6,47,2.1,6,1,1,1
121,665,Premium,61.68568875805557,1664,1887,15,6,41,1.7,8,1,0,0
122,337,Premium,61.46581946465269,3969,1877,6,4,10,0.5,8,0,0,1
123,206,Premium,61.42856546900172,1677,1811,19,18,25,1.2,6,1,1,0
124,558,Premium,61.39077520836877,3712,1502,1,0,16,2.2,5,1,1,1
125,82,Premium,61.359186201588855,3779,979,16,6,24,2.1,5,0,1,0
126,468,Premium,61.29909574667911,3192,1692,12,0,25,1.3,3,1,1,1
127,820,Premium,61.237483477857026,2179,1992,15,8,43,1.3,5,1,1,0
128,55,Premium,61.19646578715206,3470,1630,10,4,20,0.6,7,0,1,0
129,968,Premium,61.142757522348276,3558,636,14,7,55,2.6,2,1,1,1
130,358,Premium,61.13844535634465,3676,918,8,7,25,2.7,7,0,0,1
131,990,Premium,61.05493932946541,3954,635,11,0,57,1.9,6,1,1,0
132,100,Premium,61.00732008617271,3121,1119,19,9,23,2.5,4,0,1,0
133,408,Premium,60.98897579804164,788,1997,16,10,60,2.1,8,1,0,1
134,897,Premium,60.943056254524606,1969,1556,19,5,21,2.9,3,1,1,0
135,70,Premium,60.92416129339463,1676,1705,20,2,23,2.8,3,1,1,1
136,164,Premium,60.92132878353185,3034,1012,14,6,32,2.8,3,1,1,0
137,575,Premium,60.800821342432776,3094,1108,14,3,37,2.2,5,1,0,1
138,914,Premium,60.79919357924016,2969,1272,18,1,50,0.5,8,1,0,1
139,33,Premium,60.65984561420598,3048,1557,11,1,32,1.7,7,0,0,0
140,627,Mid-Range,60.59459553552333,3655,873,18,4,30,0.5,6,1,0,0
141,571,Mid-Range,60.574173985049825,3801,654,14,11,5,1.3,4,0,1,1
142,866,Premium,60.49632129165471,3138,1723,19,1,57,0.6,5,0,1,0
143,932,Mid-Range,60.48288541372844,3215,1056,13,6,2,2.2,6,0,0,1
144,825,Premium,60.41190133635358,3287,1886,6,0,47,1.6,5,1,0,1
145,635,Mid-Range,60.36822337312887,3521,621,15,10,3,1.9,8,0,1,0
146,491,Mid-Range,60.35472349848095,2709,926,18,0,29,2.7,5,1,0,1
147,983,Premium,60.34727600654477,3918,1998,7,6,47,0.5,4,0,0,1
148,582,Mid-Range,60.25112961277506,1811,1887,20,0,23,2.1,4,0,1,0
149,104,Premium,60.228385676848816,2928,1397,13,4,19,2.7,7,0,0,0
150,308,Premium,60.22476830514394,1507,1175,18,12,40,3.0,5,1,1,0
151,898,Mid-Range,60.149809690887814,3549,660,14,3,12,0.7,8,0,0,1
152,777,Mid-Range,60.14238303104503,3596,1555,11,8,2,0.5,2,1,1,1
153,676,Premium,60.09529341354074,3375,1906,12,3,14,0.9,4,0,0,1
154,681,Premium,60.06974697069372,3816,1770,9,8,12,2.0,2,0,0,0
155,694,Premium,59.98387094694831,1828,1886,17,13,26,3.0,1,1,1,0
156,361,Premium,59.981401823923086,1882,1739,10,9,39,2.6,8,0,1,0
157,180,Premium,59.93283102037454,2597,1735,8,5,21,2.7,3,1,0,1
158,57,Premium,59.91503631904311,3181,1272,11,9,54,0.5,8,1,0,1
159,650,Premium,59.827358676214516,1403,1157,18,16,19,2.8,8,0,1,1
160,467,Premium,59.82428675858829,2276,1988,11,7,63,2.5,4,1,0,0
161,740,Premium,59.79275311316493,3269,1324,8,7,28,0.9,6,1,1,1
162,978,Premium,59.7909749589289,2996,1882,5,0,17,2.1,8,0,0,0
163,895,Mid-Range,59.73582975087974,1406,1949,19,1,7,1.5,8,1,1,0
164,536,Mid-Range,59.73543411489174,1761,906,15,10,14,3.0,8,1,1,0
165,939,Premium,59.69239300591603,2971,940,15,7,24,2.0,1,1,0,1
166,737,Premium,59.64592683347295,3142,1933,6,0,63,0.5,8,0,1,1
167,428,Premium,59.62712884708959,2819,1234,17,4,44,2.1,3,1,0,1
168,563,Premium,59.60300262546012,3870,1604,1,0,63,0.5,5,1,1,1
169,956,Premium,59.5374671673025,2610,1891,17,10,23,1.3,2,1,0,0
170,68,Mid-Range,59.51422224107285,2959,1206,20,6,10,0.5,8,0,0,1
171,826,Mid-Range,59.445171122658685,1880,1177,16,7,38,2.4,6,1,1,1
172,959,Premium,59.434963244386694,3856,1066,11,4,43,0.9,6,0,0,1
173,239,Mid-Range,59.37466312464355,3959,1240,7,3,9,1.4,5,1,0,0
174,1,Mid-Range,59.2829457874126,3476,1043,16,14,5,1.8,3,0,1,0
175,872,Premium,59.269236212141266,3120,1445,14,11,8,1.4,4,1,0,0
176,971,Premium,59.234886844681874,2999,1247,12,10,63,2.1,4,1,1,0
177,288,Premium,59.09053605891578,2706,1621,16,14,59,0.6,7,0,0,0
178,620,Premium,58.983856730637996,3691,1938,7,4,60,1.4,2,0,1,0
179,584,Premium,58.841841783099255,2229,1422,14,7,30,2.8,6,0,0,1
180,975,Premium,58.812384969893365,2834,1855,14,8,58,1.0,4,0,1,0
181,937,Mid-Range,58.78861412569045,2897,1259,11,7,6,1.0,7,1,0,0
182,512,Mid-Range,58.69996475239539,2367,1391,18,6,39,1.5,3,1,1,0
183,351,Premium,58.58950038379331,3208,1372,10,3,42,0.6,6,1,1,1
184,949,Premium,58.37970256272823,1778,1659,19,18,64,2.7,2,0,0,1
185,204,Mid-Range,58.346698025450564,3352,562,17,1,43,1.1,6,1,1,0
186,644,Mid-Range,58.31145433100295,3381,968,14,10,26,0.9,5,1,0,1
187,215,Premium,58.30808019516195,3528,1378,7,4,52,2.5,3,1,0,0
188,548,Premium,58.30130070475557,2246,1733,15,14,28,1.9,3,0,1,0
189,20,Premium,58.23576287679702,2524,1488,20,9,37,2.6,4,0,0,0
190,48,Mid-Range,58.19186419347734,2617,1653,15,1,13,0.7,4,1,1,1
191,311,Premium,58.12561156625604,2130,1956,11,10,5,1.2,4,1,1,1
192,1000,Premium,58.117250363883315,2828,1270,19,4,35,0.5,6,1,0,1
193,118,Premium,58.094128236605194,1786,1901,17,4,62,2.7,3,0,1,1
194,573,Premium,58.076312797179206,2156,1688,16,7,53,0.9,6,1,1,0
195,447,Mid-Range,57.97880059837506,2125,1959,11,0,2,2.7,3,1,1,0
196,414,Premium,57.93684761430737,3941,1422,13,12,3,1.8,1,0,0,0
197,264,Mid-Range,57.929522798583704,3278,560,14,11,37,2.1,4,1,1,0
198,37,Mid-Range,57.86592535462514,3309,1280,5,4,8,0.9,6,1,0,1
199,115,Mid-Range,57.75840835750025,3239,1363,6,3,2,1.6,7,1,0,0
200,881,Premium,57.75046379831894,3530,1025,5,3,38,1.9,7,1,1,0
201,433,Premium,57.689138937968636,1822,1746,19,9,51,0.5,7,0,1,0
202,700,Premium,57.6318024719008,2828,1184,5,2,33,2.1,8,1,1,1
203,232,Premium,57.63025346573263,2741,1364,8,6,44,1.6,7,1,0,1
204,520,Premium,57.58201672362958,3611,1900,1,0,41,1.4,8,0,0,0
205,877,Premium,57.57858680741314,3315,1471,0,0,54,2.0,8,1,0,1
206,247,Mid-Range,57.53103899877186,2684,1477,5,1,15,1.7,8,0,1,1
207,830,Mid-Range,57.44774594147399,2567,1123,15,10,5,2.9,3,0,1,1
208,887,Premium,57.4459843009503,2395,1276,13,5,33,3.0,4,1,1,0
209,5,Premium,57.41092241038775,1773,1434,18,11,49,1.4,6,1,0,1
210,846,Mid-Range,57.38023343550815,2417,1427,14,10,11,2.8,1,1,1,0
211,160,Mid-Range,57.374801674194416,3895,1004,9,7,8,1.1,2,1,1,0
212,799,Mid-Range,57.27392564349303,3626,1091,8,4,8,1.8,3,0,1,1
213,570,Premium,57.26478185744645,3785,1130,4,1,59,1.3,6,1,0,1
214,724,Mid-Range,57.2523889641869,2587,761,18,5,52,2.6,3,1,1,1
215,117,Premium,57.230522873468445,3663,1981,3,2,19,0.5,7,0,0,0
216,159,Mid-Range,57.20784863812501,3449,1532,10,0,7,2.0,2,0,1,1
217,92,Premium,57.195141403889984,1938,1650,15,6,51,2.1,5,0,1,1
218,293,Premium,57.19131844582999,3465,1550,2,1,29,2.0,5,1,1,0
219,691,Premium,57.15006992339148,1988,1500,11,7,39,2.8,8,0,0,0
220,479,Premium,57.086575751419005,585,1703,17,16,43,1.6,8,1,1,1
221,200,Premium,57.064089596788286,3201,1863,1,0,64,2.5,5,0,1,0
222,248,Premium,57.0164003743891,3428,1759,12,9,58,0.5,2,0,1,0
223,835,Mid-Range,56.99703506893124,3635,608,16,15,2,1.3,3,1,0,0
224,19,Premium,56.95263039289527,3902,1231,3,2,37,1.7,2,1,0,1
225,723,Mid-Range,56.87836494275929,2629,1343,17,6,23,0.5,5,1,0,1
226,766,Mid-Range,56.833487726752246,3787,975,17,5,6,0.9,6,0,0,0
227,537,Mid-Range,56.80332279872413,3578,740,5,0,47,3.0,3,1,1,1
228,684,Premium,56.78285379572562,3891,576,17,8,56,0.9,5,0,0,1
229,142,Premium,56.7591213407112,3141,1571,5,4,44,2.8,5,0,0,1
230,304,Premium,56.75036910039259,3246,1533,13,3,42,2.8,1,0,1,0
231,2,Premium,56.74208487381734,3895,841,12,4,61,0.5,5,1,0,0
232,420,Premium,56.723183391282014,3589,1008,5,0,39,2.9,6,0,0,1
233,150,Premium,56.7210366278515,3843,1483,10,4,61,0.8,1,1,0,1
234,910,Mid-Range,56.67654873617059,3701,1053,7,4,12,2.1,7,0,1,0
235,867,Premium,56.54058923795493,1521,1869,16,2,60,1.6,6,1,1,0
236,658,Premium,56.50586128878513,3964,1260,6,3,60,1.9,2,0,0,1
237,955,Mid-Range,56.47891590981206,2297,1772,13,5,8,2.4,3,0,0,1
238,165,Premium,56.37737198076877,2940,1762,12,5,50,1.0,3,0,0,1
239,966,Premium,56.37125930436228,1791,1982,8,7,43,2.6,4,1,1,0
240,533,Premium,56.33062376165993,3092,1171,11,8,47,2.8,1,1,0,1
241,654,Mid-Range,56.25003854054616,2826,936,17,2,38,2.7,1,1,0,0
242,756,Premium,56.22135845767787,3065,1341,8,4,43,2.6,6,0,1,0
243,167,Premium,56.21826360465802,1168,1547,16,12,50,2.5,5,1,1,1
244,569,Mid-Range,56.155949569819875,2509,1189,9,4,20,2.5,7,1,0,0
245,17,Premium,56.02966576981872,2083,1985,17,14,26,0.5,2,1,1,0
246,261,Premium,56.01311881184855,3203,1887,7,4,35,2.3,2,0,0,0
247,544,Premium,55.9696031889267,2646,987,6,0,63,2.9,7,1,1,1
248,567,Premium,55.91734428094653,3380,1848,10,9,36,0.5,6,0,0,0
249,750,Premium,55.90604328734429,3543,1348,20,18,40,0.5,1,0,0,0
250,551,Premium,55.899414601438345,3733,1613,5,1,24,1.3,2,1,0,1
251,725,Mid-Range,55.76666939064135,1828,1742,6,3,20,1.4,8,1,1,1
252,908,Mid-Range,55.76190176933815,2317,854,12,1,45,2.6,6,1,1,1
253,116,Premium,55.726748580917544,3628,1376,4,3,38,2.8,2,1,0,0
254,493,Mid-Range,55.694482125654325,3617,657,14,0,35,1.6,5,0,0,1
255,235,Premium,55.66981722749779,3148,1037,5,2,57,2.9,6,0,0,0
256,640,Mid-Range,55.66919327604243,2270,761,16,15,37,1.3,8,1,1,0
257,831,Premium,55.66661758252162,2452,1730,13,2,48,1.3,2,1,1,1
258,113,Premium,55.59346178030942,1533,1930,17,5,64,1.6,4,1,0,1
259,386,Mid-Range,55.59303544535432,2932,950,20,5,41,1.6,3,1,0,0
260,659,Mid-Range,55.58379004088042,2713,1281,9,2,6,3.0,2,1,1,0
261,233,Premium,55.576291455089155,2214,1580,7,0,45,2.8,8,0,0,1
262,395,Premium,55.45321773885031,2420,1834,10,1,55,2.1,3,1,0,1
263,919,Mid-Range,55.34402349349068,3599,534,18,1,60,1.9,1,1,0,1
264,714,Premium,55.33671606228733,1017,1847,13,6,29,2.8,7,0,1,0
265,51,Mid-Range,55.326968003901094,2437,882,14,13,32,0.9,8,0,1,1
266,561,Premium,55.284481492864636,3431,1315,6,3,40,0.9,6,1,1,0
267,474,Mid-Range,55.205325164131516,2305,1031,19,2,31,0.5,8,1,1,0
268,32,Premium,55.169118912042954,926,1380,16,15,56,2.6,8,1,0,0
269,595,Mid-Range,55.15368480929187,3397,1275,11,5,24,0.5,2,0,1,1
270,889,Mid-Range,55.121960451489656,2473,859,16,11,19,1.1,5,1,1,1
271,941,Mid-Range,55.11721697950674,2742,986,10,6,29,1.4,7,1,0,0
272,336,Premium,55.11482859459338,2782,1289,14,1,64,1.8,7,0,0,1
273,344,Mid-Range,55.05167803753587,3652,1297,14,12,17,0.5,1,0,1,1
274,884,Mid-Range,54.98979181261599,3720,667,14,8,23,0.7,4,0,1,0
275,687,Mid-Range,54.96949194871794,2279,823,15,11,24,2.5,5,1,0,1
276,371,Premium,54.931703017477645,1853,1850,3,0,18,2.8,8,0,1,0
277,258,Premium,54.8562708703818,3481,1855,0,0,26,0.8,4,1,1,1
278,106,Premium,54.81931572763071,2593,1939,17,5,58,1.3,2,0,0,1
279,300,Mid-Range,54.80967417482582,3947,768,16,1,45,0.5,4,0,1,0
280,840,Mid-Range,54.78221462253615,3910,922,0,0,3,2.7,4,1,0,0
281,523,Premium,54.73804747143414,3480,1728,0,0,43,2.3,1,1,1,0
282,751,Premium,54.718931401239075,1039,1836,20,18,57,0.6,5,1,1,1
283,331,Premium,54.679274223186475,3128,1399,15,1,56,1.9,1,0,1,0
284,871,Mid-Range,54.65594454392617,2819,1060,11,6,31,2.5,1,1,1,1
285,550,Mid-Range,54.628462475376026,1597,964,13,3,48,3.0,6,1,1,1
286,434,Premium,54.551882897028456,3469,907,13,8,53,2.7,2,0,0,0
287,208,Premium,54.48083486289968,1061,1773,20,14,61,0.5,7,1,0,1
288,695,Mid-Range,54.4304864863523,3286,1804,13,1,4,0.5,1,1,0,0
289,542,Premium,54.410297324420874,2534,1719,12,2,40,1.9,3,0,1,1
290,817,Mid-Range,54.35298378865467,2281,900,18,3,56,2.8,4,0,1,1
291,502,Mid-Range,54.34490737903787,493,1948,12,3,13,2.7,7,1,1,1
292,634,Premium,54.29903363016446,3607,1216,4,1,26,1.7,3,0,0,0
293,49,Mid-Range,54.26917771424904,1798,916,20,9,33,2.0,7,0,1,0
294,754,Premium,54.220622809442986,2801,1654,3,2,58,2.0,7,0,0,0
295,656,Mid-Range,54.14291486963966,3386,1141,4,1,2,2.9,2,1,0,0
296,135,Premium,54.10557622595874,3130,1140,4,0,56,1.6,7,1,0,1
297,416,Mid-Range,54.10019771866555,3504,1180,1,0,32,2.3,2,1,1,1
298,266,Mid-Range,54.09755047572181,3571,1190,2,0,18,2.1,6,1,0,0
299,674,Mid-Range,54.0832536400514,3071,985,9,4,5,0.5,8,1,1,0
300,295,Premium,54.05486944203684,2363,1737,2,0,14,2.0,5,0,0,1
301,463,Mid-Range,54.02597462752603,3631,717,8,1,25,1.8,5,1,0,1
302,15,Mid-Range,53.936920216673784,2751,630,9,8,51,1.8,8,1,1,0
303,852,Premium,53.83530454464318,2387,1904,7,2,27,0.8,6,1,0,1
304,74,Mid-Range,53.814475566713654,3617,1452,5,3,32,1.1,3,1,1,0
305,600,Mid-Range,53.709308538038286,2307,1203,17,8,20,1.7,3,1,0,1
306,332,Mid-Range,53.6949256656357,3750,788,6,0,22,1.5,4,1,0,1
307,205,Premium,53.68989843380785,3195,1249,10,0,38,2.1,5,0,0,0
308,757,Mid-Range,53.67299735755801,2338,1427,12,8,40,0.6,8,1,0,0
309,509,Mid-Range,53.6537329771896,1496,1667,20,17,5,2.5,3,0,0,0
310,892,Mid-Range,53.63555513827282,2521,1057,11,3,36,2.7,3,0,1,1
311,27,Mid-Range,53.630867075228664,2427,1858,1,0,17,3.0,4,0,1,0
312,942,Mid-Range,53.60196125728106,2875,1595,7,4,31,1.1,3,1,1,0
313,779,Mid-Range,53.595553226290164,2099,1920,7,6,8,2.5,1,1,1,1
314,334,Mid-Range,53.5943056469123,3302,1010,5,4,28,0.7,8,1,1,0
315,727,Premium,53.58633497367914,1446,1754,17,1,58,1.7,3,1,1,1
316,388,Premium,53.53370939120911,1852,1996,8,4,55,1.9,7,0,1,1
317,7,Premium,53.4225382063968,3873,1718,3,1,47,2.4,2,0,0,0
318,462,Mid-Range,53.405384638572116,2440,1234,12,8,44,2.9,1,1,1,0
319,287,Premium,53.34573444866215,2939,1600,8,5,44,2.0,1,0,1,1
320,890,Mid-Range,53.337872219906565,1316,1162,19,2,57,2.9,7,0,0,1
321,260,Mid-Range,53.307902826614644,625,1972,19,4,5,2.2,3,1,1,1
322,686,Mid-Range,53.23863280339466,2141,1012,12,10,8,2.2,3,1,1,0
323,193,Premium,53.23120312839998,648,1933,20,16,55,1.2,5,1,1,0
324,453,Mid-Range,53.22718735445779,3260,583,19,15,24,1.1,2,0,1,0
325,301,Mid-Range,53.211914571948746,1514,1856,14,9,15,1.9,3,1,1,0
326,873,Mid-Range,53.18009610466456,2119,1005,13,6,32,1.6,7,0,1,1
327,46,Premium,53.177659725657236,1228,1411,17,9,57,1.7,7,1,1,0
328,642,Premium,53.134594783729504,1715,1745,18,13,47,2.0,2,0,1,1
329,804,Premium,53.08453740789841,2363,1636,11,9,52,1.8,5,0,0,1
330,237,Mid-Range,53.0658936244073,3614,989,16,15,20,0.5,1,0,1,0
331,734,Premium,53.045467526309245,3421,1651,6,1,57,0.5,1,1,1,1
332,73,Mid-Range,53.03509304664793,2734,1102,14,5,40,1.2,3,1,1,0
333,430,Mid-Range,53.02663182022745,3236,583,18,9,33,0.5,5,1,0,0
334,847,Mid-Range,52.995178108230235,2552,1306,12,5,26,2.9,4,0,0,1
335,946,Mid-Range,52.98060296610568,3740,643,4,0,8,2.6,4,1,0,1
336,668,Premium,52.859048689877625,3353,1153,0,0,62,2.8,5,1,0,0
337,25,Mid-Range,52.845900563983854,3862,1037,6,1,5,1.7,3,0,1,0
338,148,Premium,52.843887542964964,2976,1832,17,7,44,0.7,2,0,0,0
339,38,Mid-Range,52.79312209308681,1786,1715,16,1,28,0.6,6,1,0,1
340,934,Premium,52.79242237248569,3346,1772,0,0,55,0.5,5,1,1,1
341,771,Mid-Range,52.78668078960694,2716,1366,15,5,51,1.3,3,0,1,0
342,891,Mid-Range,52.78461525877274,1403,1876,18,11,22,2.4,2,0,0,0
343,615,Mid-Range,52.77096647597144,1783,942,19,6,11,2.5,5,0,1,1
344,511,Premium,52.76968862143608,3324,958,2,1,54,2.4,7,0,0,1
345,108,Mid-Range,52.70085646040808,1310,1605,20,1,51,1.3,4,1,1,1
346,289,Premium,52.698701743548945,1335,1672,15,10,37,1.9,7,0,1,1
347,613,Mid-Range,52.696477391572756,2872,1194,8,3,3,2.2,5,0,1,0
348,398,Mid-Range,52.67965896595458,1345,863,13,11,52,2.9,6,1,0,0
349,18,Mid-Range,52.65838406025051,2187,1042,15,5,48,2.9,4,1,0,0
350,418,Mid-Range,52.48853856382385,3850,666,13,1,28,1.1,1,1,1,1
351,621,Mid-Range,52.42819601048833,2602,657,19,4,28,1.3,2,0,0,1
352,701,Mid-Range,52.406583555949325,2025,1180,16,7,24,2.3,2,1,0,0
353,765,Premium,52.38036582640668,2691,1859,0,0,47,0.5,7,1,0,1
354,470,Mid-Range,52.30960600850541,3082,1519,2,0,36,0.5,8,1,0,0
355,589,Premium,52.30673721306554,3936,1581,1,0,55,1.4,2,1,0,0
356,972,Mid-Range,52.28368508988025,2293,1207,11,9,56,1.1,6,1,1,0
357,562,Mid-Range,52.28131677770783,2315,1514,17,11,11,0.7,5,0,0,0
358,856,Mid-Range,52.23194485879978,3747,1270,2,1,62,0.5,4,1,0,1
359,110,Mid-Range,52.226760703841784,3976,769,9,1,30,0.5,3,1,0,1
360,755,Mid-Range,52.21864111189666,3786,1156,0,0,3,2.3,2,1,1,0
361,985,Mid-Range,52.204701005668326,2461,1711,18,1,12,0.5,1,1,1,0
362,67,Mid-Range,52.161959830537796,1378,1847,14,10,28,1.6,4,1,0,1
363,543,Mid-Range,52.154096702390035,3248,812,11,1,17,0.5,7,1,0,0
364,784,Mid-Range,52.134580930025834,1621,1472,10,7,6,1.4,8,0,0,1
365,29,Mid-Range,52.12200368387581,3836,644,10,9,15,0.5,5,0,0,1
366,246,Mid-Range,52.11607838816054,2913,1927,1,0,5,2.1,6,0,0,0
367,370,Mid-Range,52.095999077566276,1748,1603,9,8,37,0.5,8,1,1,0
368,744,Mid-Range,52.09408152220907,1983,1590,6,5,15,2.4,8,0,0,0
369,3,Mid-Range,52.09087408887024,2396,1807,4,1,27,2.8,3,0,1,1
370,56,Mid-Range,52.014817515742976,1251,1596,15,6,24,1.4,5,0,1,1
371,347,Premium,51.99865619777114,3850,1392,9,6,63,0.5,2,0,1,0
372,382,Mid-Range,51.95430473352273,1447,1088,4,2,52,3.0,7,1,1,1
373,961,Mid-Range,51.95004951917302,3678,710,3,1,24,2.3,2,1,1,1
374,692,Mid-Range,51.90402345264557,2786,1425,6,4,37,1.2,7,1,0,0
375,770,Mid-Range,51.90059418569576,1732,1620,11,7,11,2.0,4,1,0,1
376,532,Mid-Range,51.84006000501333,3469,1607,9,2,29,0.5,2,1,0,0
377,329,Mid-Range,51.8191747430391,2091,1904,13,8,14,0.5,4,0,1,1
378,244,Mid-Range,51.818441711664775,3000,959,9,5,15,1.0,5,1,1,1
379,878,Mid-Range,51.7819257130495,3402,914,3,0,47,2.3,3,1,0,1
380,940,Mid-Range,51.7383874825247,1972,1517,16,11,19,2.2,2,0,0,1
381,91,Mid-Range,51.6880963248611,1761,1151,17,8,44,1.7,8,0,0,0
382,860,Mid-Range,51.68017306177961,2587,582,14,6,51,2.3,4,1,1,0
383,446,Mid-Range,51.669560668695574,1623,1235,16,3,33,1.5,8,0,1,1
384,951,Mid-Range,51.638763437392456,3262,544,7,5,39,1.6,6,1,1,0
385,661,Mid-Range,51.55983621221759,1830,1023,17,16,44,2.8,4,0,0,0
386,83,Mid-Range,51.55597070279629,3870,1075,3,0,36,1.9,4,0,1,0
387,761,Mid-Range,51.50579407898718,2545,1564,6,5,35,1.7,4,0,1,1
388,637,Mid-Range,51.41272944029294,2026,1962,6,1,18,0.7,7,1,0,1
389,991,Premium,51.3378258536356,2741,1807,11,4,37,1.2,1,0,1,1
390,375,Mid-Range,51.31610020854033,2904,652,11,4,37,2.8,6,0,0,0
391,62,Mid-Range,51.314524696747654,3942,529,6,5,56,2.5,4,0,0,1
392,786,Mid-Range,51.22371442498245,2202,1371,12,0,3,2.1,2,0,1,1
393,577,Mid-Range,51.2060435208493,3725,1464,2,1,6,0.5,5,1,0,0
394,713,Mid-Range,51.158342733849125,1706,652,18,4,14,2.9,6,1,0,0
395,245,Mid-Range,51.044891162563665,1413,1292,8,1,63,3.0,6,1,1,1
396,340,Mid-Range,51.04454700324785,3571,1690,1,0,28,1.3,3,0,0,1
397,94,Mid-Range,51.032669538268145,305,1965,17,0,3,0.5,7,1,0,0
398,354,Mid-Range,50.91115199674204,3446,649,12,0,51,1.9,4,0,1,1
399,486,Mid-Range,50.87930413236051,3370,511,15,12,43,0.7,4,1,0,0
400,710,Mid-Range,50.868437688783395,2213,1256,18,15,51,0.5,2,1,1,0
401,297,Mid-Range,50.86507443553738,1677,1899,16,15,14,0.8,4,0,0,1
402,158,Mid-Range,50.77892583268182,3537,1496,5,0,42,1.3,2,0,0,0
403,952,Mid-Range,50.73647835974718,1895,1570,13,7,12,0.6,8,0,0,1
404,400,Mid-Range,50.72879682175588,3349,1488,0,0,2,1.8,4,1,0,0
405,211,Mid-Range,50.72792361258955,2094,800,9,5,41,2.2,6,1,0,1
406,865,Mid-Range,50.66999961085693,2029,1455,10,8,19,2.2,4,1,0,0
407,801,Mid-Range,50.62697600611957,3913,1038,6,2,28,1.0,4,0,1,0
408,64,Mid-Range,50.54208979588763,2167,1634,7,2,39,2.3,1,1,1,1
409,50,Mid-Range,50.53416560490863,2693,1712,6,1,29,0.8,7,0,1,0
410,201,Premium,50.515140115265545,1490,1739,15,1,51,2.3,4,0,1,1
411,963,Mid-Range,50.496147104788434,2537,700,11,2,40,1.3,8,0,1,1
412,478,Premium,50.48665942900978,1669,1719,2,0,63,2.1,7,1,0,1
413,385,Mid-Range,50.45247314827995,2522,576,15,10,57,2.5,5,0,1,0
414,904,Mid-Range,50.416733620583386,1624,1628,20,4,3,1.4,6,0,0,0
415,899,Premium,50.392409579007065,2340,1955,2,1,30,1.4,6,0,1,1
416,427,Mid-Range,50.37045473199971,2992,1224,3,1,34,1.1,6,1,1,0
417,655,Mid-Range,50.35969097092005,1342,1878,10,8,31,0.8,7,0,1,1
418,936,Mid-Range,50.35779759352836,2909,1387,5,0,3,1.0,6,1,1,0
419,194,Premium,50.320107349465694,3386,1384,5,3,62,1.3,1,1,1,0
420,149,Mid-Range,50.2563637897455,2241,1045,12,0,58,1.6,4,1,1,0
421,593,Mid-Range,50.21957730031535,1655,868,13,4,36,2.8,7,1,0,0
422,457,Mid-Range,50.197543618519276,3067,1266,1,0,2,1.0,7,1,0,1
423,809,Mid-Range,50.16893380923004,3106,572,5,4,35,2.8,6,1,0,0
424,323,Premium,50.16312249275822,3213,1337,2,0,48,2.4,6,0,0,0
425,742,Premium,50.161191430392215,1604,1888,3,1,53,2.7,4,1,1,1
426,516,Mid-Range,50.15178953488084,815,1789,11,6,36,1.8,6,1,1,0
427,929,Mid-Range,50.1316825188499,1443,1545,20,1,59,1.7,3,1,0,1
428,299,Mid-Range,50.063398013390454,2916,1430,1,0,16,2.0,4,1,1,0
429,609,Mid-Range,50.050873827719194,1021,1894,20,10,16,0.5,3,0,1,0
430,251,Premium,50.03823564345172,3751,1361,2,0,64,0.6,3,1,1,0
431,858,Mid-Range,50.03754479513808,1826,1544,14,12,20,0.5,5,1,0,0
432,549,Mid-Range,49.85548047579734,3816,1333,4,1,35,1.2,1,0,1,1
433,980,Mid-Range,49.84650617456043,1710,1980,12,7,15,0.5,6,0,1,0
434,240,Mid-Range,49.83232528704771,1743,1273,16,15,7,2.0,1,1,1,0
435,541,Mid-Range,49.80119391592589,981,1813,14,10,28,1.8,2,1,0,1
436,195,Mid-Range,49.77228671976866,1651,1770,17,12,26,2.6,1,0,0,0
437,436,Mid-Range,49.73821760200038,3706,916,8,5,10,1.3,4,0,1,0
438,648,Premium,49.67419313668147,2903,1268,9,4,53,2.7,1,0,1,0
439,500,Mid-Range,49.5718426176487,2620,1242,8,4,56,1.8,1,1,0,1
440,745,Mid-Range,49.50826807191342,2637,1183,16,11,24,0.5,2,0,1,1
441,663,Mid-Range,49.491645655978466,2585,1333,5,1,45,1.8,5,0,1,1
442,111,Mid-Range,49.41728035521538,3931,861,13,0,40,0.6,2,0,0,0
443,152,Premium,49.35733416676277,3264,1840,2,0,46,1.1,4,0,1,0
444,350,Mid-Range,49.33273959428032,1634,1829,20,2,54,0.5,3,1,0,0
445,535,Mid-Range,49.28631517493612,2931,1096,13,3,40,1.2,4,0,0,0
446,223,Premium,49.26956006074926,2805,1698,13,2,62,0.5,3,0,0,1
447,22,Mid-Range,49.23332398513309,3456,529,5,1,60,2.6,5,0,1,0
448,967,Mid-Range,49.21716160171066,2668,1401,4,0,16,2.7,5,0,0,0
449,88,Mid-Range,49.21259090860778,1633,1182,20,4,42,1.7,3,1,0,1
450,262,Mid-Range,49.19585112119624,2440,1590,1,0,13,1.9,6,0,0,1
451,214,Mid-Range,49.15327757066944,2807,500,17,13,64,1.3,4,0,0,1
452,309,Mid-Range,49.110269234755684,1994,1773,13,7,33,0.5,5,0,0,0
453,885,Mid-Range,49.05098775273342,2500,1791,6,5,29,2.3,1,0,1,0
454,124,Premium,49.03508076133172,1809,1806,7,2,64,1.1,5,1,1,1
455,954,Mid-Range,49.0082734863761,792,1053,19,12,3,2.5,4,1,0,1
456,588,Mid-Range,48.991236926720134,2863,763,17,4,59,1.2,1,1,0,1
457,276,Mid-Range,48.94519742445277,2110,1784,5,1,3,1.4,5,1,0,1
458,54,Mid-Range,48.887112479530046,1440,900,14,11,47,1.9,8,0,1,1
459,97,Mid-Range,48.809522985207565,700,1809,19,3,27,2.2,5,0,0,0
460,851,Mid-Range,48.78572725011207,3124,1709,3,0,55,0.5,3,1,1,0
461,497,Mid-Range,48.75647288847109,3473,721,8,1,49,2.6,4,0,0,0
462,601,Mid-Range,48.74165957201684,1921,768,18,10,13,2.5,4,0,0,1
463,639,Premium,48.70816444297048,3471,1078,6,3,56,2.5,2,0,0,0
464,96,Mid-Range,48.651002084630306,2042,1465,8,2,3,2.5,5,0,1,1
465,346,Mid-Range,48.62032214041402,325,1967,16,11,23,0.5,5,1,0,1
466,112,Mid-Range,48.55883086732203,3455,504,16,4,63,0.9,2,0,0,1
467,928,Mid-Range,48.54835522484767,2565,946,14,13,56,1.0,6,0,0,0
468,703,Mid-Range,48.53739457835066,293,1309,20,9,12,1.5,6,1,1,0
469,77,Mid-Range,48.42159105063889,2813,881,12,5,6,0.8,6,0,0,1
470,42,Mid-Range,48.40923260859574,2749,822,7,2,43,1.4,8,0,0,1
471,59,Mid-Range,48.39062952929056,1630,1111,14,10,15,1.4,7,0,0,1
472,425,Mid-Range,48.34838775433306,2367,916,16,5,44,1.1,3,1,0,1
473,671,Mid-Range,48.31115988492499,2406,1764,1,0,8,1.2,3,1,0,1
474,526,Mid-Range,48.272797684765486,1849,888,17,5,14,2.5,5,0,1,0
475,629,Mid-Range,48.239306108814596,3285,1739,7,1,15,1.0,1,0,1,0
476,203,Premium,48.23822616411502,3032,1278,7,0,56,2.8,1,0,0,1
477,863,Mid-Range,48.14835296731911,3003,733,10,9,63,0.5,4,1,0,1
478,384,Mid-Range,48.13185024483568,1941,788,20,6,52,1.6,1,1,1,0
479,316,Mid-Range,48.10779808265421,2755,1649,3,1,40,0.8,3,1,0,1
480,559,Mid-Range,48.102054964184546,1694,983,20,1,22,1.5,4,0,0,1
481,888,Mid-Range,47.923112652136126,3741,927,3,2,22,1.2,2,1,0,1
482,413,Mid-Range,47.90520979741653,2518,1187,0,0,4,0.6,8,1,1,1
483,767,Mid-Range,47.85144050748406,2138,1597,5,2,10,0.9,7,1,0,0
484,250,Mid-Range,47.811631274710166,1873,1803,10,1,41,1.1,2,1,1,1
485,916,Mid-Range,47.80973561741738,2805,1359,7,6,40,0.9,2,0,1,1
486,781,Mid-Range,47.75869579215109,1190,1986,7,5,13,0.8,8,1,1,0
487,953,Mid-Range,47.742092098882146,3427,690,10,8,38,2.9,1,0,0,0
488,212,Mid-Range,47.727506707893575,2790,1300,12,6,43,0.5,3,1,0,0
489,730,Mid-Range,47.719348482997354,1666,1967,9,2,25,0.6,6,0,1,1
490,490,Mid-Range,47.674370691242174,2014,1257,10,3,31,1.8,5,1,0,0
491,162,Mid-Range,47.672464009882404,2904,945,11,3,47,2.4,2,0,0,0
492,109,Mid-Range,47.31235688063386,2743,1094,4,2,34,1.6,8,0,0,1
493,450,Mid-Range,47.21495697501241,3762,1030,7,6,29,0.9,1,1,0,0
494,994,Mid-Range,47.16112160745593,336,567,17,14,56,2.7,8,1,1,1
495,360,Mid-Range,47.077518736983166,3485,767,8,4,30,0.5,5,0,0,1
496,458,Mid-Range,47.07194511299915,2131,815,12,9,18,1.8,7,0,1,0
497,545,Mid-Range,47.04167956100659,3454,977,6,5,50,0.7,3,0,0,1
498,922,Mid-Range,47.00651529189523,1765,1182,17,5,21,1.4,2,1,1,0
499,667,Mid-Range,46.917704290078156,569,687,19,13,56,2.0,7,1,1,1
500,404,Mid-Range,46.87283225035767,2256,804,18,2,49,2.6,1,0,0,1
501,768,Mid-Range,46.86798292859455,763,1941,12,9,42,2.3,4,0,1,1
502,679,Mid-Range,46.83887418289823,3947,716,2,0,56,1.3,1,1,1,1
503,504,Mid-Range,46.80763888933548,3030,795,11,4,55,0.5,3,1,1,0
504,255,Mid-Range,46.788185377386846,3268,1247,5,0,28,0.5,7,0,1,0
505,677,Mid-Range,46.7868128808231,2921,617,18,11,40,2.1,1,0,0,0
506,318,Mid-Range,46.77978759880645,2791,1074,11,0,61,0.7,4,1,0,1
507,23,Mid-Range,46.72692219652454,1641,1558,10,7,50,1.7,2,0,1,1
508,34,Mid-Range,46.676760049257595,824,1201,20,10,49,2.2,4,0,0,0
509,424,Mid-Range,46.606447564069356,1715,1042,20,11,13,0.5,3,0,1,1
510,231,Mid-Range,46.54499177985701,630,739,20,14,56,3.0,8,0,0,0
511,341,Mid-Range,46.504273765548525,2800,600,10,3,9,2.5,4,0,1,0
512,883,Mid-Range,46.491159532446694,2885,643,20,0,28,1.8,1,0,0,1
513,378,Mid-Range,46.487227729760235,1066,1021,10,3,31,1.5,7,1,1,1
514,814,Premium,46.46417020630638,2532,1629,8,4,48,2.3,1,0,0,0
515,241,Mid-Range,46.40637071301981,2192,1784,9,8,28,0.5,4,0,0,0
516,133,Mid-Range,46.37784711102911,1707,1986,9,6,24,0.5,6,0,0,1
517,394,Mid-Range,46.33723678271034,2008,904,13,5,55,2.4,4,1,0,0
518,373,Mid-Range,46.29800017246064,1886,1858,3,1,43,0.7,5,1,1,1
519,488,Mid-Range,46.261846339867276,2994,1490,7,2,10,1.1,2,0,0,1
520,607,Mid-Range,46.242416578862354,668,1263,18,13,4,2.3,7,0,1,0
521,103,Mid-Range,46.22812011448239,450,1008,19,4,15,2.3,8,1,0,0
522,849,Mid-Range,46.223265967309466,2658,1170,5,4,63,2.2,1,1,0,1
523,254,Mid-Range,46.17608292549863,3067,1278,3,2,7,0.5,5,0,1,1
524,576,Mid-Range,46.12708213502222,3505,839,7,4,37,2.7,2,0,0,0
525,833,Mid-Range,46.1195913563007,1532,1055,8,1,56,3.0,7,0,0,0
526,886,Mid-Range,46.09865995914952,2254,1104,15,2,57,0.5,5,0,1,0
527,829,Mid-Range,46.08774445356305,650,1004,17,12,24,1.9,8,0,1,0
528,782,Mid-Range,46.05986231595737,1767,1371,3,2,19,2.8,4,1,0,1
529,437,Mid-Range,46.04395347285692,2542,1427,20,2,31,0.8,1,0,0,0
530,199,Mid-Range,46.03719806342117,2878,1072,12,6,4,0.5,1,1,0,1
531,876,Mid-Range,45.967680513214006,2447,1252,3,1,43,2.6,1,1,0,0
532,608,Mid-Range,45.911957440132085,1692,825,20,11,56,2.5,3,0,1,0
533,738,Mid-Range,45.89534589066523,1579,1341,10,8,38,1.4,5,1,0,1
534,931,Mid-Range,45.87053024262953,2787,1662,2,0,48,0.5,6,0,0,1
535,810,Mid-Range,45.837367452954,2080,1143,0,0,64,2.9,8,0,1,1
536,291,Premium,45.77019274382919,2596,1650,15,0,62,0.6,3,0,0,0
537,367,Mid-Range,45.74706628458662,3074,725,17,10,61,0.5,3,0,0,1
538,93,Mid-Range,45.72913522490314,2820,1663,2,0,17,0.6,4,0,1,1
539,900,Mid-Range,45.706892507026794,1777,1567,13,6,63,0.6,5,0,1,0
540,901,Mid-Range,45.62662600031349,2402,1307,6,5,44,2.1,5,0,1,0
541,393,Mid-Range,45.61762621411555,2832,560,19,13,29,1.3,1,0,0,0
542,633,Mid-Range,45.53480824299675,1791,941,4,1,41,2.5,8,1,0,1
543,693,Mid-Range,45.44195492450781,1972,547,5,4,3,2.4,8,1,1,0
544,185,Mid-Range,45.42007431954315,2704,541,4,0,28,2.1,7,1,1,0
545,818,Mid-Range,45.36171848659495,2688,1057,7,4,42,0.5,7,1,0,0
546,228,Mid-Range,45.26977297803815,3886,1040,5,0,54,0.6,2,0,1,1
547,699,Mid-Range,45.220901953323875,2262,1300,5,4,61,1.9,6,0,0,0
548,362,Mid-Range,45.16568489368681,3928,1315,0,0,15,0.5,1,1,0,1
549,221,Mid-Range,45.163204628508865,2637,785,13,6,16,2.4,3,0,0,0
550,271,Mid-Range,45.15813427219181,2067,1883,4,1,6,0.7,6,0,0,1
551,531,Mid-Range,45.099792035493586,2780,588,5,1,40,2.9,6,0,1,0
552,816,Mid-Range,45.09536689612872,2956,575,11,2,10,1.1,5,0,0,1
553,772,Mid-Range,45.07581752818355,1424,1324,19,9,46,1.7,2,0,0,0
554,787,Mid-Range,45.01338814680796,2753,782,2,0,38,1.1,7,1,0,1
555,514,Mid-Range,44.9446224336511,990,1863,19,5,16,1.0,2,1,0,0
556,24,Mid-Range,44.91642104303232,2322,533,18,16,58,0.7,5,0,1,0
557,307,Mid-Range,44.914170290565906,1235,996,15,14,61,0.5,7,0,1,1
558,125,Mid-Range,44.91067994671744,2086,1348,11,6,50,0.8,4,1,0,0
559,912,Mid-Range,44.90848951205052,489,1652,17,1,57,1.5,6,0,1,1
560,303,Mid-Range,44.84905926461746,700,1729,8,0,38,2.3,7,0,1,1
561,72,Premium,44.846436737902366,1947,1991,6,5,58,0.5,5,0,0,1
562,652,Mid-Range,44.84011055363254,1189,1308,17,1,51,2.2,5,0,1,0
563,880,Mid-Range,44.83976665270016,3065,732,9,6,60,0.5,4,0,1,1
564,510,Mid-Range,44.83543829262921,1287,1346,11,5,31,2.6,4,0,0,1
565,421,Mid-Range,44.79774754241206,1316,986,9,0,26,2.8,8,1,0,0
566,973,Mid-Range,44.79736196693341,2777,1198,7,0,31,0.5,7,0,0,0
567,322,Mid-Range,44.761306055569484,1261,1225,17,13,35,2.9,3,0,0,0
568,342,Mid-Range,44.75343451173183,2938,743,10,9,53,0.5,2,1,1,1
569,242,Mid-Range,44.72982418949424,329,1169,19,7,51,1.4,7,1,0,1
570,945,Mid-Range,44.66944203528031,3111,761,17,4,5,0.5,1,1,0,0
571,690,Mid-Range,44.65248612377626,2162,1517,1,0,42,1.6,3,1,1,0
572,39,Mid-Range,44.651943308531855,3128,1165,11,4,40,0.9,2,0,0,0
573,861,Mid-Range,44.61298957743394,945,1951,6,5,22,2.1,6,0,0,1
574,328,Mid-Range,44.609579367963136,3939,848,2,1,41,0.5,2,1,1,0
575,614,Mid-Range,44.60727405057998,3616,520,9,2,44,0.6,3,1,0,0
576,390,Mid-Range,44.550278745044494,1955,1006,12,9,14,2.5,1,0,1,0
577,599,Mid-Range,44.47875030453482,1561,529,17,13,32,1.4,2,1,1,1
578,527,Mid-Range,44.4761458976988,3435,1419,1,0,39,0.5,7,0,0,0
579,619,Mid-Range,44.47332026205399,1141,880,17,7,32,0.5,4,1,1,1
580,53,Mid-Range,44.44338847032225,2815,1442,3,0,56,0.5,3,0,1,1
581,14,Mid-Range,44.37965007205382,992,1190,15,5,19,2.2,5,0,1,0
582,988,Mid-Range,44.376918511758554,852,905,12,11,12,1.9,7,1,1,0
583,365,Mid-Range,44.34238303909614,1243,569,20,1,53,0.5,8,1,1,0
584,99,Mid-Range,44.2767761474065,1835,1034,15,7,47,0.7,6,1,0,0
585,999,Mid-Range,44.2614979283832,2509,1533,12,0,50,0.5,2,0,1,0
586,503,Mid-Range,44.24123631707564,2334,1232,6,5,58,0.9,6,0,0,1
587,415,Mid-Range,44.23571664482939,2585,658,1,0,38,2.4,8,1,0,0
588,803,Mid-Range,44.21737174566305,1458,1220,19,8,52,0.5,3,0,1,1
589,226,Mid-Range,44.19264528430604,1453,1157,6,4,4,2.6,7,0,0,0
590,950,Mid-Range,44.160980452825186,1415,1259,15,0,61,1.2,5,1,1,0
591,530,Mid-Range,44.14438324413175,768,1715,3,2,30,2.5,7,1,0,0
592,466,Mid-Range,44.1443328554875,1425,983,8,7,55,1.6,8,1,1,0
593,653,Mid-Range,44.12832030084759,1381,1403,9,4,42,0.5,8,1,0,1
594,813,Mid-Range,44.08569244507233,941,1450,8,2,45,2.4,5,1,0,1
595,81,Mid-Range,44.05018369361717,1199,1391,8,2,56,1.4,5,1,1,1
596,870,Mid-Range,44.01652938059213,1914,602,11,7,59,2.5,4,1,1,0
597,836,Mid-Range,43.99578305441019,2098,1130,12,5,51,0.6,8,0,0,0
598,317,Mid-Range,43.9794418352245,1334,1095,15,9,47,1.8,6,0,0,1
599,197,Mid-Range,43.968629266352096,2887,885,8,2,3,0.5,7,0,0,1
600,368,Mid-Range,43.93085247623458,451,1690,15,0,51,2.2,8,0,0,1
601,590,Mid-Range,43.921492074245926,2267,1045,10,5,25,1.5,2,0,1,1
602,431,Mid-Range,43.92064642870006,1313,1598,14,8,49,1.0,2,1,1,0
603,145,Mid-Range,43.86661448765903,3788,597,0,0,16,3.0,2,0,0,1
604,179,Mid-Range,43.801586515975,2040,556,12,4,10,0.9,8,1,0,0
605,732,Mid-Range,43.79564649173869,758,933,19,9,33,1.8,8,0,0,0
606,911,Mid-Range,43.791624708556895,1672,1370,3,2,24,2.9,5,1,0,0
607,391,Mid-Range,43.7877658754884,1557,1679,3,2,4,1.5,4,1,0,1
608,84,Mid-Range,43.72051999740691,858,968,16,13,61,0.5,8,1,1,0
609,736,Mid-Range,43.581641759831044,1435,1181,16,5,32,1.6,1,1,1,0
610,202,Mid-Range,43.529010701087586,2724,895,3,2,23,2.5,5,0,0,0
611,209,Mid-Range,43.49406712787051,1018,1715,10,5,11,2.1,3,0,1,1
612,174,Mid-Range,43.473841655636726,609,1577,0,0,55,2.6,5,0,1,1
613,879,Mid-Range,43.437190820548096,763,1439,6,3,14,2.6,8,1,0,0
614,472,Mid-Range,43.42319854397556,2354,881,6,1,36,2.8,1,0,1,1
615,399,Mid-Range,43.30898341034886,1208,518,15,0,45,2.7,6,1,1,0
616,438,Mid-Range,43.30736006544266,1567,1101,7,3,5,2.9,5,0,1,0
617,993,Mid-Range,43.15331741622864,2563,1895,0,0,62,0.5,2,1,0,1
618,528,Mid-Range,43.13102754769991,3057,1959,1,0,30,0.5,3,0,0,0
619,624,Mid-Range,43.13057394063907,927,1567,12,8,45,1.3,4,0,1,1
620,611,Mid-Range,43.010573606465776,2388,837,9,2,27,1.1,4,0,1,1
621,848,Mid-Range,42.99501392238522,1251,1911,12,3,25,1.1,5,0,0,0
622,657,Budget,42.93038593873496,1141,794,18,2,3,2.7,2,1,0,1
623,412,Mid-Range,42.907649055857064,2352,1745,2,0,45,1.8,2,0,0,1
624,173,Mid-Range,42.865379617072215,1895,1250,19,18,63,0.5,1,0,1,0
625,140,Mid-Range,42.83210765875372,2913,574,7,4,60,1.0,2,1,0,0
626,272,Mid-Range,42.81436540925527,3325,819,10,5,16,0.5,1,1,0,0
627,218,Mid-Range,42.79390658658016,2811,987,5,1,20,1.2,6,0,0,0
628,310,Mid-Range,42.788139782500075,458,1263,14,11,54,2.4,5,1,0,0
629,976,Mid-Range,42.65883643897817,885,1557,14,7,26,1.6,5,0,1,1
630,982,Mid-Range,42.56107276649531,975,829,13,11,10,2.6,2,1,1,1
631,181,Mid-Range,42.55834646781862,714,1859,16,8,42,0.7,2,1,0,1
632,513,Mid-Range,42.41188462362455,2974,1176,1,0,56,2.3,2,0,0,1
633,123,Mid-Range,42.38225471649065,2747,517,4,3,38,1.5,7,0,1,1
634,894,Mid-Range,42.29457890529022,2510,853,9,3,40,0.6,4,1,1,0
635,230,Mid-Range,42.29170101557824,2005,1429,3,2,58,2.9,4,0,1,0
636,788,Mid-Range,42.17659913014886,1005,1452,12,6,36,0.9,5,1,0,1
637,762,Mid-Range,42.140461139873324,541,1787,9,4,11,1.1,7,0,1,1
638,224,Mid-Range,42.13943115471509,804,1976,1,0,4,2.8,8,0,1,0
639,16,Mid-Range,42.132300131857235,563,1846,7,5,53,1.0,8,1,0,1
640,356,Mid-Range,42.09004328171346,1626,1320,14,11,6,0.5,1,1,0,1
641,673,Mid-Range,41.91865854125492,2179,844,4,3,22,0.7,7,1,1,1
642,552,Mid-Range,41.89442268395395,2877,1123,4,1,8,1.2,4,0,1,0
643,187,Mid-Range,41.88787287260826,2271,762,14,11,39,0.6,1,1,1,0
644,807,Mid-Range,41.83077604850421,615,1591,5,4,3,2.4,8,0,0,1
645,579,Mid-Range,41.79834340203021,786,1749,15,9,57,1.1,3,0,1,1
646,79,Mid-Range,41.77230332371806,2546,1031,4,1,20,2.0,1,1,0,1
647,236,Mid-Range,41.76145371416264,853,1519,14,12,43,1.5,1,0,1,1
648,65,Mid-Range,41.70464702847425,1248,1533,15,1,22,1.2,3,1,0,0
649,518,Mid-Range,41.704265459625006,2991,1256,9,3,8,0.5,1,0,1,0
650,839,Mid-Range,41.62019885934049,2734,1191,2,1,7,1.7,3,0,1,0
651,352,Mid-Range,41.592828464551125,1955,1429,8,7,11,1.0,4,0,1,0
652,592,Mid-Range,41.58580680513753,3131,702,7,1,38,1.2,5,0,0,0
653,587,Mid-Range,41.58514652419096,2875,941,5,3,26,1.3,3,0,0,1
654,499,Mid-Range,41.52746381884601,2070,1948,7,2,31,0.7,2,0,0,1
655,844,Mid-Range,41.52451971932832,939,1005,16,9,11,2.0,1,1,1,1
656,292,Mid-Range,41.385113295022336,2477,1700,2,1,33,0.5,5,0,0,1
657,325,Mid-Range,41.37705516000629,827,1269,19,1,51,1.5,4,0,1,0
658,496,Mid-Range,41.349910981597986,1428,1082,9,4,24,0.9,7,1,1,0
659,482,Mid-Range,41.29286504792044,1540,1560,18,14,47,0.5,2,0,0,0
660,524,Mid-Range,41.24113868137694,768,1970,7,3,9,2.9,2,1,0,0
661,819,Mid-Range,41.23339040400265,522,1247,20,16,24,0.8,5,0,1,1
662,71,Mid-Range,41.229673556268345,1912,1366,16,4,36,0.5,1,0,0,1
663,86,Mid-Range,41.2174044510418,454,1626,17,3,20,2.7,2,0,1,0
664,448,Mid-Range,41.179798203903715,1622,650,14,12,48,1.5,4,0,1,1
665,739,Mid-Range,41.14458458050666,2987,534,8,3,3,1.5,1,1,0,1
666,377,Mid-Range,41.124706866606076,1833,1408,3,1,6,1.4,8,0,1,0
667,156,Mid-Range,41.124044627431026,2565,1307,1,0,4,0.5,4,1,1,1
668,122,Mid-Range,41.11205908501355,3758,955,1,0,62,0.5,1,0,1,1
669,405,Mid-Range,41.03890540711009,427,1883,3,2,50,2.6,5,1,0,1
670,219,Mid-Range,40.967404183925524,778,1698,7,6,21,0.5,7,1,1,1
671,277,Mid-Range,40.91645276194868,656,1744,9,5,35,0.9,7,1,0,0
672,397,Budget,40.88976767155775,1580,687,16,13,14,0.6,2,1,1,1
673,407,Mid-Range,40.88488750512768,1199,1765,8,7,18,2.0,4,0,0,0
674,383,Mid-Range,40.88344029261185,3445,542,3,2,12,0.7,2,1,1,1
675,153,Mid-Range,40.85582286204783,826,1807,15,0,8,0.6,8,0,0,0
676,960,Mid-Range,40.81738918714303,3327,840,3,0,7,1.6,2,0,0,1
677,141,Mid-Range,40.708046391635946,2094,948,10,5,60,0.5,2,1,1,1
678,190,Mid-Range,40.680171064588514,794,1771,9,6,39,2.4,2,0,1,1
679,26,Mid-Range,40.67835830459801,557,1025,16,6,43,1.6,3,1,1,1
680,401,Mid-Range,40.63235728621217,2804,944,1,0,35,2.4,3,0,1,0
681,672,Mid-Range,40.6211448826853,1715,1544,6,2,64,1.0,1,1,1,1
682,660,Mid-Range,40.602617842700035,2165,1208,1,0,17,2.7,2,0,1,1
683,805,Mid-Range,40.53544198646798,1966,1800,8,2,23,1.6,2,0,0,0
684,862,Mid-Range,40.528909491807575,3288,822,4,2,44,1.1,2,0,1,0
685,798,Mid-Range,40.52349695965538,3386,1140,1,0,40,0.9,3,0,0,0
686,853,Mid-Range,40.509061676959874,1415,1741,16,6,37,0.5,1,0,0,1
687,102,Mid-Range,40.495219536817444,737,1204,15,9,19,1.8,8,0,0,0
688,920,Mid-Range,40.479173118738025,3372,721,2,1,39,2.6,2,0,0,0
689,257,Mid-Range,40.473184889603104,1850,1019,8,0,5,1.7,3,1,0,1
690,680,Mid-Range,40.45349397200937,2650,676,2,1,54,1.0,5,1,0,0
691,452,Mid-Range,40.411919973477254,1571,744,7,6,52,2.2,4,1,1,1
692,834,Mid-Range,40.404105879397385,2917,805,3,2,59,2.4,1,0,1,0
693,778,Mid-Range,40.401945420045735,1831,981,10,1,15,0.5,5,0,1,1
694,585,Mid-Range,40.39223717076688,1509,709,14,10,63,1.9,4,0,1,0
695,76,Mid-Range,40.3895660482862,482,1166,4,2,41,2.2,7,1,1,1
696,903,Mid-Range,40.37529287798626,1176,1332,1,0,44,2.4,8,0,1,1
697,791,Mid-Range,40.374432194416016,1966,1754,1,0,15,1.6,5,0,0,0
698,263,Mid-Range,40.34110281389694,1934,603,0,0,42,2.7,8,1,0,0
699,741,Mid-Range,40.27742776401927,406,1803,12,7,9,2.6,2,1,0,0
700,36,Mid-Range,40.25195704256866,1617,1175,8,3,33,2.1,6,0,0,1
701,646,Mid-Range,40.16312544444071,1868,1923,4,2,13,0.5,2,1,1,0
702,647,Mid-Range,40.16153393493615,1509,613,0,0,53,2.5,8,0,1,1
703,45,Mid-Range,40.13982265707387,366,1972,14,2,48,2.1,3,0,1,0
704,722,Mid-Range,39.99241437379411,1683,1423,9,7,58,0.5,3,0,1,1
705,58,Mid-Range,39.96935102013722,1361,1640,2,1,7,2.5,4,0,1,1
706,554,Mid-Range,39.95930388261829,1446,1302,7,3,20,0.5,7,1,0,1
707,828,Mid-Range,39.87142507582013,325,1336,17,7,26,2.6,5,0,0,0
708,517,Mid-Range,39.843672064813845,2759,972,9,2,64,1.6,1,0,0,0
709,449,Mid-Range,39.79497583439978,1162,1465,7,0,38,2.9,1,0,1,1
710,794,Mid-Range,39.79122393486792,343,986,9,5,38,2.2,7,1,1,0
711,709,Mid-Range,39.76295260641763,1692,1296,13,6,43,1.0,3,0,0,0
712,349,Mid-Range,39.75991996465429,3454,894,6,2,27,0.5,2,0,1,0
713,752,Mid-Range,39.70632442116181,1895,1290,0,0,31,1.3,8,0,1,1
714,651,Mid-Range,39.674902233253334,1580,519,11,7,45,0.6,7,1,0,1
715,137,Mid-Range,39.659436214226936,2145,1582,9,0,33,0.5,1,0,1,1
716,986,Mid-Range,39.65053950509232,811,971,17,9,7,2.1,4,0,1,0
717,335,Mid-Range,39.58957126025491,3455,530,2,0,47,0.5,3,0,1,1
718,282,Mid-Range,39.58726256770835,915,1395,16,5,38,0.6,6,0,1,0
719,707,Mid-Range,39.58352324085244,3460,500,1,0,28,1.4,3,0,1,1
720,320,Mid-Range,39.493487962617294,730,1394,9,7,8,2.7,3,0,1,1
721,44,Mid-Range,39.43730255061556,324,1388,19,12,17,0.6,5,1,0,0
722,495,Mid-Range,39.40428431100899,1990,1943,1,0,29,0.5,1,1,1,1
723,315,Mid-Range,39.37380743458664,1796,1899,0,0,55,0.5,4,1,0,1
724,913,Mid-Range,39.32953767598135,572,915,12,4,22,2.8,5,0,1,1
725,875,Mid-Range,39.248502407606786,1749,1255,1,0,34,1.1,3,1,1,1
726,326,Mid-Range,39.23229452744343,647,1526,12,7,32,1.2,4,1,0,1
727,930,Mid-Range,39.19003146315423,2286,898,4,0,16,2.7,4,0,0,0
728,372,Mid-Range,39.1850907948381,1514,1472,6,4,41,0.7,3,1,1,1
729,882,Mid-Range,39.053083981181054,496,842,20,18,31,2.7,1,0,1,0
730,823,Mid-Range,39.02264493890156,426,1570,20,15,26,0.5,2,1,0,0
731,630,Mid-Range,39.009298638397404,1317,630,10,1,56,2.2,8,0,1,0
732,896,Mid-Range,38.98859074321005,1392,1981,10,3,38,0.5,5,0,0,0
733,720,Mid-Range,38.947597780060924,332,992,12,10,52,2.6,7,0,0,1
734,90,Mid-Range,38.88618683843113,966,1373,6,3,27,1.4,8,0,0,1
735,359,Mid-Range,38.78837414627759,1704,929,8,7,13,0.5,7,1,0,0
736,821,Mid-Range,38.77280125006543,1901,974,3,1,17,2.1,4,1,0,1
737,294,Budget,38.76069090657501,2589,626,6,4,8,1.9,2,0,1,1
738,547,Mid-Range,38.74892994217038,1622,1125,20,3,42,0.5,1,0,1,1
739,733,Mid-Range,38.73903876257344,1061,913,14,12,58,1.7,5,0,0,0
740,974,Mid-Range,38.736076262597294,1378,1796,4,0,44,0.5,4,0,0,1
741,697,Mid-Range,38.69784601748328,1562,1352,12,8,22,0.5,2,1,0,0
742,689,Mid-Range,38.66686074881114,2310,804,10,5,12,1.5,1,1,0,0
743,917,Mid-Range,38.62540502263935,2900,1691,3,0,24,0.5,1,0,0,0
744,189,Mid-Range,38.5139666468032,339,1526,20,10,39,0.7,3,0,0,1
745,854,Mid-Range,38.438810778170996,2465,1288,3,0,48,0.5,6,0,1,0
746,273,Budget,38.422373095847654,2151,651,6,0,7,1.6,1,1,1,1
747,483,Mid-Range,38.40705394817093,2463,695,5,4,51,1.0,5,0,1,1
748,492,Mid-Range,38.39081788536343,2865,1303,5,2,7,0.5,4,0,0,0
749,643,Mid-Range,38.374222672499116,841,1657,6,1,40,1.9,3,1,0,1
750,121,Mid-Range,38.33791246357524,275,1664,11,10,25,2.1,3,0,1,1
751,41,Mid-Range,38.33752106708508,994,1952,10,2,47,1.4,2,0,1,1
752,583,Budget,38.32048566519738,2807,652,8,6,3,0.5,1,0,0,1
753,606,Mid-Range,38.26292592386131,1327,1138,2,0,51,1.8,4,1,1,1
754,843,Mid-Range,38.1994980458079,832,732,16,12,48,1.3,4,1,0,0
755,422,Mid-Range,38.14953756838217,1872,1655,1,0,23,2.0,2,0,1,0
756,706,Mid-Range,38.11688799603487,714,734,5,1,32,2.7,8,1,0,1
757,129,Mid-Range,38.09922484958793,3170,557,1,0,23,0.5,5,1,1,0
758,477,Budget,38.08740945768055,2050,560,8,4,5,2.4,1,1,0,0
759,229,Mid-Range,38.070020978914,557,790,11,2,29,2.1,6,1,1,1
760,178,Mid-Range,38.016112780833424,403,1429,7,6,33,2.5,5,0,1,1
761,355,Budget,38.00148891220458,946,1137,18,3,7,0.8,3,1,0,1
762,440,Mid-Range,37.98367023974432,2499,1403,5,4,32,0.7,1,0,0,1
763,269,Mid-Range,37.96961551742258,524,1692,7,5,11,2.2,3,1,1,0
764,943,Mid-Range,37.92634708530785,1920,708,1,0,56,2.4,7,0,1,0
765,902,Mid-Range,37.888085920255016,845,1421,11,2,43,2.9,4,0,0,0
766,184,Mid-Range,37.82666645372203,926,758,18,13,48,2.8,3,0,0,0
767,868,Mid-Range,37.807957883200814,1830,1670,3,1,33,0.5,2,1,1,1
768,759,Mid-Range,37.77847964187375,575,1693,17,9,41,1.4,2,0,0,1
769,965,Mid-Range,37.66757954472706,726,1325,12,10,33,1.3,1,1,1,1
770,471,Mid-Range,37.607793535922355,1346,776,12,9,9,3.0,2,0,0,1
771,435,Mid-Range,37.606529302688415,2001,1472,4,3,53,0.5,1,1,1,1
772,505,Mid-Range,37.5660749990459,345,1915,17,4,24,0.5,4,0,0,1
773,987,Mid-Range,37.47769585108243,1358,991,2,0,19,2.6,7,0,1,0
774,572,Mid-Range,37.44048523294064,2039,727,1,0,42,0.5,8,1,1,1
775,792,Mid-Range,37.42263199762846,774,1329,4,3,42,1.0,7,1,1,1
776,850,Mid-Range,37.41285748625455,339,1278,13,6,64,1.5,8,0,1,0
777,259,Mid-Range,37.39823662569192,1695,1730,7,4,54,0.5,3,0,1,0
778,731,Mid-Range,37.37538285296389,2244,926,9,2,12,1.7,2,0,0,1
779,279,Budget,37.362841414650916,1296,899,0,0,3,1.7,8,1,0,1
780,357,Mid-Range,37.3531711349839,1583,792,16,7,48,0.8,4,0,1,1
781,177,Mid-Range,37.33789502542408,1270,1186,7,1,25,2.3,4,0,1,0
782,456,Budget,37.32992510465061,1188,590,14,2,30,2.3,3,0,0,1
783,313,Mid-Range,37.2740221798918,1843,911,2,1,13,1.7,5,1,0,1
784,711,Mid-Range,37.2599537904697,655,782,19,8,20,1.8,5,0,1,0
785,454,Mid-Range,37.22973688788929,3206,690,9,2,62,0.5,1,0,0,0
786,763,Mid-Range,37.179100143452196,1686,770,14,12,33,0.6,2,1,0,1
787,522,Mid-Range,37.13716346909704,3402,756,3,0,33,1.0,1,0,1,0
788,845,Mid-Range,37.101158703208554,1091,1575,7,2,22,2.4,2,0,0,1
789,529,Mid-Range,37.08551278774911,1731,1394,2,1,63,0.6,6,0,0,0
790,402,Mid-Range,37.02608668924807,1182,1283,9,6,48,0.5,6,0,1,0
791,376,Mid-Range,36.91504904184767,628,546,12,6,55,1.8,6,1,1,1
792,806,Mid-Range,36.858345218302574,2179,674,9,5,49,2.4,1,0,1,0
793,403,Mid-Range,36.75290778093375,436,817,17,13,40,1.0,4,1,0,1
794,379,Mid-Range,36.75181055283117,1150,567,15,14,60,1.4,2,0,0,1
795,324,Mid-Range,36.74085224264319,2106,1178,1,0,11,1.1,2,1,0,1
796,469,Mid-Range,36.72495589050389,3021,718,5,2,35,0.5,4,0,0,1
797,864,Budget,36.68500198011682,702,820,12,10,15,0.5,8,1,1,0
798,176,Mid-Range,36.61301874630638,2141,651,5,0,35,0.7,7,0,1,1
799,683,Budget,36.611487248409155,625,524,14,8,10,0.9,7,1,1,1
800,417,Mid-Range,36.51396595529799,834,521,11,1,64,2.6,4,1,1,1
801,270,Budget,36.48743147071667,1853,628,2,0,26,0.5,8,1,1,1
802,154,Mid-Range,36.46983992642015,1314,624,16,14,30,1.6,2,0,1,1
803,476,Mid-Range,36.44557312649907,265,1341,12,5,40,1.0,5,1,1,1
804,728,Mid-Range,36.42059866767341,2258,1315,3,0,58,0.5,2,1,1,0
805,580,Mid-Range,36.40150278715991,1712,1229,5,2,42,0.5,5,0,1,1
806,979,Mid-Range,36.28962068770559,677,1489,10,7,60,0.5,7,0,0,1
807,705,Mid-Range,36.21719797791691,393,1408,3,1,59,2.0,6,1,0,1
808,464,Mid-Range,36.20669142627132,1104,1074,13,5,35,1.5,4,0,1,0
809,459,Mid-Range,36.20191651803138,1425,1893,3,0,42,1.5,1,1,0,0
810,21,Budget,36.18585991671563,1357,968,17,8,7,0.6,1,1,1,0
811,605,Mid-Range,36.18469625470547,2225,1153,3,2,34,0.5,3,1,0,1
812,746,Mid-Range,36.16896318354252,879,1774,16,1,45,0.5,4,0,0,0
813,698,Mid-Range,36.1570185404539,1202,1785,1,0,18,2.5,4,0,0,1
814,560,Mid-Range,36.13843917301126,584,1457,13,7,8,0.5,7,0,0,0
815,225,Mid-Range,36.1167100888004,361,1649,11,4,53,0.5,4,1,1,1
816,506,Mid-Range,36.04977626488146,1525,532,14,7,51,0.5,7,0,1,1
817,664,Mid-Range,35.9751622039394,873,529,18,3,58,2.3,2,1,1,0
818,702,Budget,35.95915729588992,621,886,15,13,2,0.9,4,1,1,0
819,538,Mid-Range,35.864006164969496,369,1435,14,10,62,0.5,4,1,0,1
820,793,Mid-Range,35.84331360695387,2856,1093,4,0,42,1.1,1,0,0,1
821,348,Mid-Range,35.80358599252022,1266,1248,3,2,12,2.1,2,1,1,0
822,716,Mid-Range,35.79415012820557,533,1946,1,0,39,0.5,5,1,1,1
823,138,Mid-Range,35.78078021385271,488,723,14,5,63,0.5,8,0,0,1
824,134,Budget,35.73658011406762,2220,591,7,1,21,0.7,6,0,1,0
825,859,Mid-Range,35.713260478176075,2210,671,5,1,38,0.5,8,0,1,1
826,636,Mid-Range,35.710488297348654,1180,934,4,3,61,2.4,6,0,1,0
827,406,Budget,35.702856534103645,715,1177,12,5,2,0.5,7,1,0,0
828,443,Mid-Range,35.6741614374732,421,1086,17,10,35,0.5,7,0,0,1
829,10,Mid-Range,35.640405154139415,651,1520,20,1,25,0.5,3,0,0,1
830,521,Mid-Range,35.633524917405445,431,769,20,19,52,0.6,4,1,0,0
831,837,Budget,35.59632371074447,484,1208,18,8,13,0.7,3,0,1,1
832,387,Budget,35.56358079892737,2239,518,7,3,17,0.8,3,1,1,1
833,780,Mid-Range,35.55737818208016,1790,1470,1,0,54,0.5,6,0,1,1
834,906,Mid-Range,35.4999999170167,1197,1733,3,2,20,0.5,8,0,1,0
835,40,Budget,35.45151621406664,2243,567,1,0,2,2.6,4,0,1,1
836,507,Mid-Range,35.38585506643159,499,1899,7,4,28,0.5,5,1,0,1
837,696,Budget,35.36374992802938,1282,685,6,2,2,2.2,3,1,1,1
838,455,Mid-Range,35.27642183453264,592,683,17,16,56,1.9,1,1,0,0
839,947,Mid-Range,35.274010147266566,1794,871,2,0,56,1.7,6,0,1,0
840,498,Mid-Range,35.214629960839844,2609,654,4,2,56,1.5,1,0,1,1
841,626,Mid-Range,35.20646101918044,294,1568,6,4,22,1.8,8,0,1,0
842,618,Mid-Range,35.196778174109795,1104,1210,1,0,52,1.3,8,1,0,1
843,280,Mid-Range,35.16817011320105,1650,896,10,3,29,0.8,6,0,0,0
844,670,Budget,35.061368642043604,503,1131,16,0,27,0.8,5,1,1,0
845,824,Mid-Range,35.01106249898297,695,1724,8,1,21,2.0,2,0,1,0
846,409,Budget,34.96836846751761,507,989,11,1,14,2.6,4,0,1,1
847,603,Budget,34.93245319685909,773,1021,4,2,9,0.9,8,1,1,1
848,743,Mid-Range,34.92382107646144,793,1540,7,4,40,1.0,5,1,0,0
849,120,Mid-Range,34.880537000172154,815,859,16,5,58,2.7,1,0,0,1
850,423,Mid-Range,34.73114560631344,1114,1391,1,0,53,0.5,5,1,0,1
851,268,Mid-Range,34.65790362770872,1663,1598,1,0,57,1.7,1,0,0,1
852,764,Mid-Range,34.60122533991641,989,1748,4,1,7,0.8,7,0,1,0
853,857,Mid-Range,34.566006485693634,552,1246,4,0,52,1.6,8,0,1,1
854,796,Mid-Range,34.52271118572644,1182,1146,6,4,21,0.5,7,1,0,0
855,616,Budget,34.46955472203165,482,558,16,5,24,2.2,4,1,1,0
856,948,Mid-Range,34.42828416656541,399,1347,14,4,44,2.1,2,0,1,0
857,977,Mid-Range,34.417390739896035,1706,958,0,0,47,0.5,8,1,1,0
858,95,Mid-Range,34.12200796635622,2838,679,1,0,41,0.9,4,0,0,1
859,638,Mid-Range,33.98591683093473,1865,574,13,0,41,0.5,6,0,0,1
860,602,Mid-Range,33.96039731896762,1066,1780,8,2,30,1.5,1,0,0,1
861,998,Budget,33.87398480435344,1223,1185,12,1,8,1.4,1,1,0,0
862,364,Mid-Range,33.85927339688391,395,1981,2,1,36,2.5,4,0,1,0
863,748,Budget,33.84345938541889,2380,723,3,0,10,1.9,1,1,0,0
864,132,Mid-Range,33.78696435481137,1745,1857,0,0,14,1.4,2,0,0,0
865,192,Mid-Range,33.775914830375626,541,1783,8,7,23,0.9,2,1,1,0
866,632,Budget,33.65990102424303,2484,735,6,4,17,0.5,2,1,0,0
867,645,Budget,33.622627196111196,337,1329,10,1,10,2.8,4,0,1,0
868,918,Mid-Range,33.61242025436418,434,796,12,3,62,1.5,8,0,1,1
869,302,Mid-Range,33.60556636775262,942,900,12,11,64,0.5,4,1,1,0
870,489,Mid-Range,33.54026563391744,1604,1859,2,0,52,0.5,1,1,0,0
871,964,Budget,33.518576406357326,1272,995,6,4,7,2.6,1,0,1,1
872,555,Budget,33.51005488758841,1043,797,14,0,9,1.4,1,1,1,0
873,305,Mid-Range,33.42423310544346,977,1210,4,0,63,2.3,6,0,0,0
874,927,Mid-Range,33.31003800959554,1780,1480,0,0,62,0.9,1,0,1,1
875,69,Mid-Range,33.267111074092995,1893,549,5,3,53,0.5,5,1,1,1
876,625,Mid-Range,33.17536615664708,786,914,13,6,36,1.7,2,0,0,1
877,327,Budget,33.148874118821354,300,986,9,7,16,0.7,8,1,0,1
878,970,Budget,33.10713128373773,299,1036,18,16,9,0.9,3,0,1,0
879,442,Mid-Range,32.99349650959077,1773,1688,2,0,14,0.8,1,0,1,1
880,773,Mid-Range,32.984854407445795,267,1363,2,1,39,2.6,5,1,1,0
881,795,Budget,32.9267481475019,475,848,16,7,39,1.1,4,1,0,0
882,249,Budget,32.76854957416897,1629,831,1,0,31,2.2,3,1,1,0
883,238,Mid-Range,32.76720702103465,1006,1040,18,3,41,0.5,3,0,0,1
884,556,Budget,32.59951733100671,1649,1074,7,5,9,1.5,2,0,1,0
885,557,Mid-Range,32.516036640827174,483,1411,3,0,61,2.6,5,0,1,0
886,366,Mid-Range,32.51404332720284,682,1930,9,2,57,1.3,1,0,0,1
887,519,Mid-Range,32.412440636499525,581,1846,0,0,35,1.3,6,0,0,1
888,721,Budget,32.393378220893894,519,897,9,7,38,2.4,2,1,1,0
889,234,Mid-Range,32.37782645484986,1387,1384,0,0,49,2.2,1,0,1,1
890,105,Budget,32.32155771469664,1694,697,6,0,34,0.6,4,1,0,1
891,47,Budget,32.16586695651168,1413,1094,5,2,20,2.3,1,0,1,1
892,874,Budget,32.1376353751126,1676,536,13,8,27,0.5,1,1,0,1
893,678,Budget,32.052854091558174,341,617,18,7,47,0.6,8,0,1,1
894,789,Budget,31.984775282250368,889,519,12,11,33,2.0,1,1,1,0
895,66,Mid-Range,31.822011889203324,1986,660,6,5,47,0.6,3,1,1,0
896,938,Budget,31.651360486439852,896,1066,7,6,23,2.4,3,0,0,1
897,649,Budget,31.470305696923,1231,519,5,2,3,2.9,3,0,1,1
898,997,Budget,31.395084355802396,1933,609,2,0,13,1.8,4,0,1,1
899,363,Budget,31.351051050047502,346,1388,14,4,31,1.4,1,1,0,0
900,565,Mid-Range,31.33920801690867,986,1152,4,2,44,3.0,3,0,0,1
901,487,Budget,31.243454696573462,2884,507,6,5,33,1.1,1,0,0,0
902,708,Mid-Range,31.170205803621503,1019,1745,0,0,45,2.8,1,0,1,0
903,893,Mid-Range,31.148539723805865,735,1926,5,1,15,1.8,2,0,1,0
904,776,Budget,31.09996607727248,1435,1179,0,0,2,2.1,3,0,1,0
905,811,Mid-Range,31.05927412958785,592,1492,16,13,36,0.5,1,0,0,1
906,753,Budget,31.03634650279573,1315,645,6,3,5,2.9,3,0,0,0
907,196,Mid-Range,30.965388213444292,1177,1202,8,2,49,0.8,1,0,1,1
908,274,Budget,30.82025460871954,2044,723,9,2,27,1.1,2,0,1,0
909,574,Mid-Range,30.813970211810634,1354,1275,2,1,44,0.5,8,0,0,0
910,802,Mid-Range,30.791758422568396,851,1111,11,4,46,2.5,1,0,0,0
911,410,Mid-Range,30.691226966262395,974,1370,3,0,56,0.6,6,1,0,0
912,797,Mid-Range,30.581333951399536,1169,841,16,0,59,0.5,6,0,0,0
913,481,Mid-Range,30.40856408443791,1972,701,7,3,53,0.8,4,0,0,0
914,704,Budget,30.182396809184528,2001,744,5,1,38,0.5,3,0,1,0
915,441,Budget,30.15936479615308,2273,657,6,4,45,0.8,1,0,1,0
916,989,Mid-Range,30.156320796365545,377,1653,4,0,49,1.3,7,0,0,0
917,321,Mid-Range,30.143308972613447,379,1632,3,2,45,1.1,4,1,0,0
918,131,Budget,30.12159679946101,305,1051,9,0,16,0.9,7,0,1,1
919,191,Budget,30.056826718765,391,639,16,5,28,1.3,7,0,0,1
920,924,Budget,29.994108951546735,1423,732,2,1,7,0.5,6,1,1,1
921,296,Budget,29.82365947572707,1302,1370,7,1,6,1.7,1,0,0,1
922,815,Mid-Range,29.77056720824765,2981,669,0,0,46,0.5,2,0,0,1
923,227,Mid-Range,29.598767989255794,359,1702,2,1,54,0.5,5,1,1,0
924,944,Budget,29.520801144180215,1653,726,2,1,6,0.5,5,1,0,1
925,168,Budget,29.488403034438473,376,988,8,6,12,1.6,4,1,0,1
926,188,Budget,29.455457264900147,1513,683,3,0,9,0.5,7,1,0,0
927,143,Budget,29.410347565303137,2573,564,6,2,33,0.5,1,0,1,1
928,439,Budget,29.384552342466797,2669,723,0,0,36,0.5,4,0,0,1
929,369,Budget,29.21710490493896,1471,712,5,1,33,1.4,4,1,0,0
930,586,Budget,29.15379796617409,886,583,6,1,62,0.5,8,1,1,0
931,101,Budget,29.08216695458843,2023,559,5,0,24,0.5,4,1,0,0
932,473,Budget,28.839824877623045,732,1018,2,0,25,0.6,7,1,1,0
933,130,Mid-Range,28.768159205825583,1234,1599,5,4,31,0.5,2,0,1,0
934,546,Budget,28.764677224679073,375,1289,18,0,7,0.7,2,0,1,1
935,726,Budget,28.449094103655682,608,1181,5,0,51,0.8,5,1,0,0
936,333,Budget,28.352396886783403,1435,579,9,6,58,1.1,1,1,0,0
937,210,Budget,28.309199121031746,1370,725,1,0,26,0.5,5,1,1,1
938,426,Budget,28.26632905926101,575,681,7,1,29,2.6,3,0,1,1
939,712,Budget,28.252875148333604,1567,965,7,5,24,0.8,4,0,0,0
940,596,Mid-Range,28.17137551792859,805,1439,1,0,50,0.5,8,0,0,1
941,8,Mid-Range,28.150257520201365,1495,833,2,0,62,2.4,1,0,1,1
942,213,Budget,28.111027010983904,1485,1001,0,0,48,0.8,5,0,1,1
943,808,Mid-Range,27.921776788948208,305,1190,16,5,61,0.8,3,0,1,0
944,597,Budget,27.902015718936493,2187,510,1,0,15,1.3,1,1,0,1
945,925,Mid-Range,27.842474818547153,1442,781,1,0,62,0.9,2,0,0,1
946,43,Budget,27.81085907331629,793,685,15,0,12,0.5,6,0,0,1
947,136,Budget,27.652728479606793,1500,923,3,0,10,0.6,2,1,1,0
948,957,Budget,27.548278620252184,493,937,6,2,44,1.5,4,1,0,1
949,729,Budget,27.546234166611715,558,649,10,0,38,2.9,1,0,1,1
950,396,Budget,27.31457769356843,292,681,17,8,13,1.2,3,0,0,1
951,534,Budget,27.18551777219715,313,1138,6,0,57,1.5,4,0,1,0
952,63,Budget,26.911795141924866,1431,578,5,3,38,0.5,6,1,0,0
953,981,Budget,26.427800397042542,464,1235,4,3,21,1.8,3,0,1,1
954,682,Mid-Range,26.232194564857235,336,1857,0,0,62,1.9,1,0,0,0
955,419,Budget,26.188765891632702,1580,805,3,0,25,1.5,2,0,0,0
956,243,Budget,26.023638432659574,502,703,6,1,27,2.4,1,1,1,1
957,501,Budget,26.010259886921872,1619,1453,1,0,24,0.5,1,0,0,1
958,933,Budget,25.8684640845226,401,1074,6,0,17,1.4,1,1,1,0
959,175,Budget,25.858518678312077,263,1153,6,5,14,0.5,5,0,0,1
960,604,Budget,25.840022101200123,1038,1334,1,0,35,1.2,2,0,0,0
961,460,Budget,25.83908774948052,291,1202,8,3,22,2.5,2,0,0,0
962,330,Budget,25.70966914173083,1492,803,0,0,16,2.2,1,0,0,0
963,170,Budget,25.435605171958642,542,852,4,3,3,1.9,2,1,0,1
964,319,Budget,25.341489368622003,1132,656,0,0,48,2.7,2,1,0,0
965,52,Budget,25.222925566511876,837,632,10,6,33,1.2,2,1,0,0
966,675,Budget,25.149711085499145,355,703,9,6,18,1.3,1,1,1,1
967,622,Budget,25.10345013635195,303,1273,12,6,47,0.5,1,1,0,0
968,480,Mid-Range,24.504301737057197,342,1408,2,1,59,1.8,1,0,0,1
969,623,Budget,24.403499464919747,585,1842,0,0,19,0.5,3,1,0,0
970,685,Budget,24.29442737494871,1042,553,3,2,8,0.5,4,1,0,1
971,907,Budget,24.27209732273656,412,1081,11,7,51,1.2,2,0,0,0
972,217,Budget,24.118452727723113,1073,1038,2,1,48,0.5,6,0,0,1
973,35,Budget,24.05245666609186,874,1074,6,0,45,1.2,3,0,0,0
974,962,Budget,23.464957634431773,717,623,10,5,29,0.5,3,1,0,0
975,935,Budget,23.437922816651454,991,694,10,6,3,0.5,3,0,1,0
976,628,Budget,23.393620013020165,286,1371,5,0,57,0.5,4,1,0,0
977,445,Budget,22.938182451128654,1114,1065,1,0,25,0.5,6,0,0,1
978,183,Budget,22.888350431306797,1238,890,10,5,9,0.5,1,0,0,1
979,171,Budget,22.862129957112955,550,607,3,1,18,0.8,7,1,0,1
980,78,Budget,22.63495833938535,661,1134,0,0,64,0.5,5,1,0,0
981,444,Budget,22.572968036940267,630,876,3,2,48,1.1,2,1,0,1
982,298,Budget,22.473935968080863,1108,848,1,0,31,0.6,5,0,1,0
983,30,Budget,22.325443587134952,854,1024,0,0,38,1.6,2,1,0,0
984,28,Budget,22.192370605143612,625,980,5,1,8,0.5,5,0,1,1
985,591,Budget,21.70105062026213,386,1308,0,0,34,0.5,5,0,0,1
986,253,Budget,21.675023934703887,603,917,1,0,53,1.3,5,0,0,1
987,172,Budget,21.208735876215666,791,1765,0,0,24,0.5,1,0,0,1
988,107,Budget,20.90351181480985,745,1039,5,2,15,1.9,1,0,0,0
989,841,Budget,20.766796866799154,817,966,7,3,37,0.5,3,0,0,0
990,838,Budget,20.6443938087634,720,535,3,1,53,1.3,7,0,1,0
991,995,Budget,20.38511084613786,684,936,0,0,46,1.4,2,0,1,1
992,252,Budget,19.824853243974385,637,1183,4,1,32,1.4,1,0,0,1
993,283,Budget,19.79310922496112,331,786,7,2,28,1.8,1,0,0,1
994,749,Budget,19.608765338241003,564,543,9,3,6,0.9,1,1,0,1
995,578,Budget,19.597606426525033,1422,750,0,0,33,1.3,1,0,1,0
996,182,Budget,19.186019496238487,423,915,5,3,10,1.3,2,0,1,1
997,411,Budget,18.44722114577239,600,861,1,0,64,0.5,7,0,1,0
998,126,Budget,18.060391777429846,444,1455,1,0,16,1.4,1,0,1,0
999,13,Budget,16.310246380765292,439,900,3,0,30,1.4,2,0,0,0
1000,612,Budget,13.21323646012154,346,640,1,0,63,2.3,1,0,1,0
